{
"name":"moth <3 light",
"description":"moth love light. moth happy near light. >w <",

"interval": 10,
  "type": "origins:action_over_time",
  "entity_action": {
    "type": "origins:apply_effect",
    "effect": {
      "effect": "minecraft:regeneration",
      "duration": 200,
      "show_particles": false,
      "amplifier": 0,
      "show_icon": false
    }
  },
  "condition": {
    "type": "origins:block_in_radius",
    "block_condition": {
      "type": "origins:block",
      "block": "minecraft:torch"
    },
    "radius": 1,
    "shape": "cube",
    "comparison": ">=",
    "compare_to": 1
  }
}