{
	"powers": [
		"moth:disableFood",
		"moth:flammable",
		"moth:flight",
		"moth:flightMastery",
		"moth:glowRegen",
		"moth:hideDiet",
		"moth:jackRegen",
		"moth:lanternRegen",
		"moth:leatherDiet",
		"moth:lessHearts",
		"moth:mothBoost",
		"moth:nightVision",
		"moth:seaBuff",
		"moth:shroomRegen",
		"moth:smol",
		"moth:soulBuff",
		"moth:soulBuff2",
		"moth:soundEffect",
		"moth:torchRegen"
	],
	"icon": "minecraft:lantern",
	"order": 10,
	"impact": 2,
	"name": "Möth",
	"description": "ö."
}
